<?xml version="1.0" encoding="UTF-8"?>
<project-private xmlns="http://www.netbeans.org/ns/project-private/1">
    <editor-bookmarks xmlns="http://www.netbeans.org/ns/editor-bookmarks/2" lastBookmarkId="0"/>
    <open-files xmlns="http://www.netbeans.org/ns/projectui-open-files/2">
        <group>
            <file>file:/D:/DUNIA%20KULIAH%20IVAN/Semester%208%20=%20A/SISTER/TUGAS/RENTAL%20VCD%20TR%20GITHUB/TR-SISTER-RENTAL-VCD/Rental%20VCD/src/views/DaftarAkun.java</file>
            <file>file:/D:/DUNIA%20KULIAH%20IVAN/Semester%208%20=%20A/SISTER/TUGAS/RENTAL%20VCD%20TR%20GITHUB/TR-SISTER-RENTAL-VCD/Rental%20VCD/src/views/Awal.java</file>
            <file>file:/D:/DUNIA%20KULIAH%20IVAN/Semester%208%20=%20A/SISTER/TUGAS/RENTAL%20VCD%20TR%20GITHUB/TR-SISTER-RENTAL-VCD/Rental%20VCD/src/views/PegawaiView.java</file>
            <file>file:/D:/DUNIA%20KULIAH%20IVAN/Semester%208%20=%20A/SISTER/TUGAS/RENTAL%20VCD%20TR%20GITHUB/TR-SISTER-RENTAL-VCD/Rental%20VCD/src/views/Pegawai.java</file>
            <file>file:/D:/DUNIA%20KULIAH%20IVAN/Semester%208%20=%20A/SISTER/TUGAS/RENTAL%20VCD%20TR%20GITHUB/TR-SISTER-RENTAL-VCD/Rental%20VCD/src/views/Pengunjung.java</file>
            <file>file:/D:/DUNIA%20KULIAH%20IVAN/Semester%208%20=%20A/SISTER/TUGAS/RENTAL%20VCD%20TR%20GITHUB/TR-SISTER-RENTAL-VCD/Rental%20VCD/src/views/PengunjungView.java</file>
        </group>
    </open-files>
</project-private>
