<?xml version="1.0" encoding="UTF-8"?>
<project-private xmlns="http://www.netbeans.org/ns/project-private/1">
    <editor-bookmarks xmlns="http://www.netbeans.org/ns/editor-bookmarks/2" lastBookmarkId="0"/>
    <open-files xmlns="http://www.netbeans.org/ns/projectui-open-files/2">
        <group>
            <file>file:/D:/DUNIA%20KULIAH%20IVAN/Semester%208%20=%20A/SISTER/TUGAS/TR%20RENTAL%20VCD/RENTAL%20VCD/Perpus/src/daos/VcdDao.java</file>
            <file>file:/D:/DUNIA%20KULIAH%20IVAN/Semester%208%20=%20A/SISTER/TUGAS/TR%20RENTAL%20VCD/RENTAL%20VCD/Perpus/src/controller/DetailController.java</file>
            <file>file:/D:/DUNIA%20KULIAH%20IVAN/Semester%208%20=%20A/SISTER/TUGAS/TR%20RENTAL%20VCD/RENTAL%20VCD/Perpus/src/views/PengunjungView.java</file>
            <file>file:/D:/DUNIA%20KULIAH%20IVAN/Semester%208%20=%20A/SISTER/TUGAS/TR%20RENTAL%20VCD/RENTAL%20VCD/Perpus/src/models/Detail.java</file>
            <file>file:/D:/DUNIA%20KULIAH%20IVAN/Semester%208%20=%20A/SISTER/TUGAS/TR%20RENTAL%20VCD/RENTAL%20VCD/Perpus/src/views/Pengunjung.java</file>
            <file>file:/D:/DUNIA%20KULIAH%20IVAN/Semester%208%20=%20A/SISTER/TUGAS/TR%20RENTAL%20VCD/RENTAL%20VCD/Perpus/src/views/PegawaiView.java</file>
            <file>file:/D:/DUNIA%20KULIAH%20IVAN/Semester%208%20=%20A/SISTER/TUGAS/TR%20RENTAL%20VCD/RENTAL%20VCD/Perpus/src/controller/PegawaiController.java</file>
            <file>file:/D:/DUNIA%20KULIAH%20IVAN/Semester%208%20=%20A/SISTER/TUGAS/TR%20RENTAL%20VCD/RENTAL%20VCD/Perpus/src/controller/UserController.java</file>
            <file>file:/D:/DUNIA%20KULIAH%20IVAN/Semester%208%20=%20A/SISTER/TUGAS/TR%20RENTAL%20VCD/RENTAL%20VCD/Perpus/src/tools/Koneksi.java</file>
            <file>file:/D:/DUNIA%20KULIAH%20IVAN/Semester%208%20=%20A/SISTER/TUGAS/TR%20RENTAL%20VCD/RENTAL%20VCD/Perpus/src/daos/UserDao.java</file>
            <file>file:/D:/DUNIA%20KULIAH%20IVAN/Semester%208%20=%20A/SISTER/TUGAS/TR%20RENTAL%20VCD/RENTAL%20VCD/Perpus/src/models/Vcd.java</file>
            <file>file:/D:/DUNIA%20KULIAH%20IVAN/Semester%208%20=%20A/SISTER/TUGAS/TR%20RENTAL%20VCD/RENTAL%20VCD/Perpus/src/daos/PegawaiDao.java</file>
            <file>file:/D:/DUNIA%20KULIAH%20IVAN/Semester%208%20=%20A/SISTER/TUGAS/TR%20RENTAL%20VCD/RENTAL%20VCD/Perpus/src/controller/VcdController.java</file>
            <file>file:/D:/DUNIA%20KULIAH%20IVAN/Semester%208%20=%20A/SISTER/TUGAS/TR%20RENTAL%20VCD/RENTAL%20VCD/Perpus/src/daos/DetailDao.java</file>
        </group>
    </open-files>
</project-private>
